task,userId,serviceProviderId,groupId,index
user.delete,3098@domain.ev.com,ServiceP,MARSHA,1
user.delete,3010@domain.ev.com,ServiceP,MARSHA,2
user.delete,2046@domain.ev.com,ServiceP,MARSHA,3
user.delete,2024@domain.ev.com,ServiceP,MARSHA,4
user.delete,3063@domain.ev.com,ServiceP,MARSHA,5
user.delete,3087@domain.ev.com,ServiceP,MARSHA,6
user.delete,3038@domain.ev.com,ServiceP,MARSHA,7
user.delete,2009@domain.ev.com,ServiceP,MARSHA,8
user.delete,2003@domain.ev.com,ServiceP,MARSHA,9
user.delete,2246@domain.ev.com,ServiceP,MARSHA,10
user.delete,3091@domain.ev.com,ServiceP,MARSHA,11
user.delete,2007@domain.ev.com,ServiceP,MARSHA,12
user.delete,2027@domain.ev.com,ServiceP,MARSHA,13
user.delete,3000@domain.ev.com,ServiceP,MARSHA,14
user.delete,3069@domain.ev.com,ServiceP,MARSHA,15
user.delete,2037@domain.ev.com,ServiceP,MARSHA,16
user.delete,2066@domain.ev.com,ServiceP,MARSHA,17
user.delete,2081@domain.ev.com,ServiceP,MARSHA,18
user.delete,3077@domain.ev.com,ServiceP,MARSHA,19
user.delete,2040@domain.ev.com,ServiceP,MARSHA,20
user.delete,3016@domain.ev.com,ServiceP,MARSHA,21
user.delete,3056@domain.ev.com,ServiceP,MARSHA,22
user.delete,2073@domain.ev.com,ServiceP,MARSHA,23
user.delete,3072@domain.ev.com,ServiceP,MARSHA,24
user.delete,3074@domain.ev.com,ServiceP,MARSHA,25
user.delete,2099@domain.ev.com,ServiceP,MARSHA,26
user.delete,3070@domain.ev.com,ServiceP,MARSHA,27
user.delete,3083@domain.ev.com,ServiceP,MARSHA,28
user.delete,3084@domain.ev.com,ServiceP,MARSHA,29
user.delete,2062@domain.ev.com,ServiceP,MARSHA,30
user.delete,3035@domain.ev.com,ServiceP,MARSHA,31
user.delete,3047@domain.ev.com,ServiceP,MARSHA,32
user.delete,2243@domain.ev.com,ServiceP,MARSHA,33
user.delete,3071@domain.ev.com,ServiceP,MARSHA,34
user.delete,3028@domain.ev.com,ServiceP,MARSHA,35
user.delete,2084@domain.ev.com,ServiceP,MARSHA,36
user.delete,2068@domain.ev.com,ServiceP,MARSHA,37
user.delete,3089@domain.ev.com,ServiceP,MARSHA,38
user.delete,3078@domain.ev.com,ServiceP,MARSHA,39
user.delete,2091@domain.ev.com,ServiceP,MARSHA,40
user.delete,3025@domain.ev.com,ServiceP,MARSHA,41
user.delete,3048@domain.ev.com,ServiceP,MARSHA,42
user.delete,3030@domain.ev.com,ServiceP,MARSHA,43
user.delete,2083@domain.ev.com,ServiceP,MARSHA,44
user.delete,2240@domain.ev.com,ServiceP,MARSHA,45
user.delete,3073@domain.ev.com,ServiceP,MARSHA,46
user.delete,2044@domain.ev.com,ServiceP,MARSHA,47
user.delete,2078@domain.ev.com,ServiceP,MARSHA,48
user.delete,2063@domain.ev.com,ServiceP,MARSHA,49
user.delete,3045@domain.ev.com,ServiceP,MARSHA,50
user.delete,3079@domain.ev.com,ServiceP,MARSHA,51
user.delete,3066@domain.ev.com,ServiceP,MARSHA,52
user.delete,2033@domain.ev.com,ServiceP,MARSHA,53
user.delete,2089@domain.ev.com,ServiceP,MARSHA,54
user.delete,3099@domain.ev.com,ServiceP,MARSHA,55
user.delete,2080@domain.ev.com,ServiceP,MARSHA,56
user.delete,2051@domain.ev.com,ServiceP,MARSHA,57
user.delete,2022@domain.ev.com,ServiceP,MARSHA,58
user.delete,3082@domain.ev.com,ServiceP,MARSHA,59
user.delete,3009@domain.ev.com,ServiceP,MARSHA,60
user.delete,2251@domain.ev.com,ServiceP,MARSHA,61
user.delete,3051@domain.ev.com,ServiceP,MARSHA,62
user.delete,2021@domain.ev.com,ServiceP,MARSHA,63
user.delete,2050@domain.ev.com,ServiceP,MARSHA,64
user.delete,2041@domain.ev.com,ServiceP,MARSHA,65
user.delete,3007@domain.ev.com,ServiceP,MARSHA,66
user.delete,3017@domain.ev.com,ServiceP,MARSHA,67
user.delete,2025@domain.ev.com,ServiceP,MARSHA,68
user.delete,2075@domain.ev.com,ServiceP,MARSHA,69
user.delete,2008@domain.ev.com,ServiceP,MARSHA,70
user.delete,3021@domain.ev.com,ServiceP,MARSHA,71
user.delete,3052@domain.ev.com,ServiceP,MARSHA,72
user.delete,3037@domain.ev.com,ServiceP,MARSHA,73
user.delete,2006@domain.ev.com,ServiceP,MARSHA,74
user.delete,3001@domain.ev.com,ServiceP,MARSHA,75
user.delete,2020@domain.ev.com,ServiceP,MARSHA,76
user.delete,2052@domain.ev.com,ServiceP,MARSHA,77
user.delete,3090@domain.ev.com,ServiceP,MARSHA,78
user.delete,2029@domain.ev.com,ServiceP,MARSHA,79
user.delete,3039@domain.ev.com,ServiceP,MARSHA,80
user.delete,3026@domain.ev.com,ServiceP,MARSHA,81
user.delete,2097@domain.ev.com,ServiceP,MARSHA,82
user.delete,3003@domain.ev.com,ServiceP,MARSHA,83
user.delete,2049@domain.ev.com,ServiceP,MARSHA,84
user.delete,2095@domain.ev.com,ServiceP,MARSHA,85
user.delete,2053@domain.ev.com,ServiceP,MARSHA,86
user.delete,2055@domain.ev.com,ServiceP,MARSHA,87
user.delete,2070@domain.ev.com,ServiceP,MARSHA,88
user.delete,3041@domain.ev.com,ServiceP,MARSHA,89
user.delete,2245@domain.ev.com,ServiceP,MARSHA,90
user.delete,2071@domain.ev.com,ServiceP,MARSHA,91
user.delete,3061@domain.ev.com,ServiceP,MARSHA,92
user.delete,3034@domain.ev.com,ServiceP,MARSHA,93
user.delete,2088@domain.ev.com,ServiceP,MARSHA,94
user.delete,3020@domain.ev.com,ServiceP,MARSHA,95
user.delete,2090@domain.ev.com,ServiceP,MARSHA,96
user.delete,3076@domain.ev.com,ServiceP,MARSHA,97
user.delete,3044@domain.ev.com,ServiceP,MARSHA,98
user.delete,3080@domain.ev.com,ServiceP,MARSHA,99
user.delete,2092@domain.ev.com,ServiceP,MARSHA,100
user.delete,2010@domain.ev.com,ServiceP,MARSHA,101
user.delete,2093@domain.ev.com,ServiceP,MARSHA,102
user.delete,3055@domain.ev.com,ServiceP,MARSHA,103
user.delete,2036@domain.ev.com,ServiceP,MARSHA,104
user.delete,3027@domain.ev.com,ServiceP,MARSHA,105
user.delete,2252@domain.ev.com,ServiceP,MARSHA,106
user.delete,2059@domain.ev.com,ServiceP,MARSHA,107
user.delete,2072@domain.ev.com,ServiceP,MARSHA,108
user.delete,2087@domain.ev.com,ServiceP,MARSHA,109
user.delete,2098@domain.ev.com,ServiceP,MARSHA,110
user.delete,2005@domain.ev.com,ServiceP,MARSHA,111
user.delete,3022@domain.ev.com,ServiceP,MARSHA,112
user.delete,2017@domain.ev.com,ServiceP,MARSHA,113
user.delete,2242@domain.ev.com,ServiceP,MARSHA,114
user.delete,3059@domain.ev.com,ServiceP,MARSHA,115
user.delete,2012@domain.ev.com,ServiceP,MARSHA,116
user.delete,2096@domain.ev.com,ServiceP,MARSHA,117
user.delete,2032@domain.ev.com,ServiceP,MARSHA,118
user.delete,2039@domain.ev.com,ServiceP,MARSHA,119
user.delete,2076@domain.ev.com,ServiceP,MARSHA,120
user.delete,3053@domain.ev.com,ServiceP,MARSHA,121
user.delete,2038@domain.ev.com,ServiceP,MARSHA,122
user.delete,2030@domain.ev.com,ServiceP,MARSHA,123
user.delete,2079@domain.ev.com,ServiceP,MARSHA,124
user.delete,2034@domain.ev.com,ServiceP,MARSHA,125
user.delete,3088@domain.ev.com,ServiceP,MARSHA,126
user.delete,3029@domain.ev.com,ServiceP,MARSHA,127
user.delete,2258@domain.ev.com,ServiceP,MARSHA,128
user.delete,3060@domain.ev.com,ServiceP,MARSHA,129
user.delete,3005@domain.ev.com,ServiceP,MARSHA,130
user.delete,3013@domain.ev.com,ServiceP,MARSHA,131
user.delete,2061@domain.ev.com,ServiceP,MARSHA,132
user.delete,2043@domain.ev.com,ServiceP,MARSHA,133
user.delete,3058@domain.ev.com,ServiceP,MARSHA,134
user.delete,3002@domain.ev.com,ServiceP,MARSHA,135
user.delete,3057@domain.ev.com,ServiceP,MARSHA,136
user.delete,1234@domain.ev.com,ServiceP,MARSHA,137
user.delete,2254@domain.ev.com,ServiceP,MARSHA,138
user.delete,2058@domain.ev.com,ServiceP,MARSHA,139
user.delete,2065@domain.ev.com,ServiceP,MARSHA,140
user.delete,3043@domain.ev.com,ServiceP,MARSHA,141
user.delete,3031@domain.ev.com,ServiceP,MARSHA,142
user.delete,2019@domain.ev.com,ServiceP,MARSHA,143
user.delete,2244@domain.ev.com,ServiceP,MARSHA,144
user.delete,2018@domain.ev.com,ServiceP,MARSHA,145
user.delete,2257@domain.ev.com,ServiceP,MARSHA,146
user.delete,3018@domain.ev.com,ServiceP,MARSHA,147
user.delete,3015@domain.ev.com,ServiceP,MARSHA,148
user.delete,2026@domain.ev.com,ServiceP,MARSHA,149
user.delete,2069@domain.ev.com,ServiceP,MARSHA,150
user.delete,2255@domain.ev.com,ServiceP,MARSHA,151
user.delete,2004@domain.ev.com,ServiceP,MARSHA,152
user.delete,3024@domain.ev.com,ServiceP,MARSHA,153
user.delete,2035@domain.ev.com,ServiceP,MARSHA,154
user.delete,2013@domain.ev.com,ServiceP,MARSHA,155
user.delete,2016@domain.ev.com,ServiceP,MARSHA,156
user.delete,3023@domain.ev.com,ServiceP,MARSHA,157
user.delete,2002@domain.ev.com,ServiceP,MARSHA,158
user.delete,2042@domain.ev.com,ServiceP,MARSHA,159
user.delete,2045@domain.ev.com,ServiceP,MARSHA,160
user.delete,2094@domain.ev.com,ServiceP,MARSHA,161
user.delete,2047@domain.ev.com,ServiceP,MARSHA,162
user.delete,2248@domain.ev.com,ServiceP,MARSHA,163
user.delete,3042@domain.ev.com,ServiceP,MARSHA,164
user.delete,2074@domain.ev.com,ServiceP,MARSHA,165
user.delete,3004@domain.ev.com,ServiceP,MARSHA,166
user.delete,2056@domain.ev.com,ServiceP,MARSHA,167
user.delete,3036@domain.ev.com,ServiceP,MARSHA,168
user.delete,2067@domain.ev.com,ServiceP,MARSHA,169
user.delete,3050@domain.ev.com,ServiceP,MARSHA,170
user.delete,3062@domain.ev.com,ServiceP,MARSHA,171
user.delete,3049@domain.ev.com,ServiceP,MARSHA,172
user.delete,3032@domain.ev.com,ServiceP,MARSHA,173
user.delete,3067@domain.ev.com,ServiceP,MARSHA,174
user.delete,3019@domain.ev.com,ServiceP,MARSHA,175
user.delete,3086@domain.ev.com,ServiceP,MARSHA,176
user.delete,2247@domain.ev.com,ServiceP,MARSHA,177
user.delete,3008@domain.ev.com,ServiceP,MARSHA,178
user.delete,2082@domain.ev.com,ServiceP,MARSHA,179
user.delete,2028@domain.ev.com,ServiceP,MARSHA,180
user.delete,3012@domain.ev.com,ServiceP,MARSHA,181
user.delete,2250@domain.ev.com,ServiceP,MARSHA,182
user.delete,3033@domain.ev.com,ServiceP,MARSHA,183
user.delete,2011@domain.ev.com,ServiceP,MARSHA,184
user.delete,2253@domain.ev.com,ServiceP,MARSHA,185
user.delete,3065@domain.ev.com,ServiceP,MARSHA,186
user.delete,3014@domain.ev.com,ServiceP,MARSHA,187
user.delete,2001@domain.ev.com,ServiceP,MARSHA,188
user.delete,2014@domain.ev.com,ServiceP,MARSHA,189
user.delete,3085@domain.ev.com,ServiceP,MARSHA,190
user.delete,2048@domain.ev.com,ServiceP,MARSHA,191
user.delete,2077@domain.ev.com,ServiceP,MARSHA,192
user.delete,3046@domain.ev.com,ServiceP,MARSHA,193
user.delete,3006@domain.ev.com,ServiceP,MARSHA,194
user.delete,2064@domain.ev.com,ServiceP,MARSHA,195
user.delete,3081@domain.ev.com,ServiceP,MARSHA,196
user.delete,2031@domain.ev.com,ServiceP,MARSHA,197
user.delete,2241@domain.ev.com,ServiceP,MARSHA,198
user.delete,2015@domain.ev.com,ServiceP,MARSHA,199
user.delete,3075@domain.ev.com,ServiceP,MARSHA,200
user.delete,2057@domain.ev.com,ServiceP,MARSHA,201
user.delete,2054@domain.ev.com,ServiceP,MARSHA,202
user.delete,2060@domain.ev.com,ServiceP,MARSHA,203
user.delete,3068@domain.ev.com,ServiceP,MARSHA,204
user.delete,2249@domain.ev.com,ServiceP,MARSHA,205
user.delete,2023@domain.ev.com,ServiceP,MARSHA,206
user.delete,2000@domain.ev.com,ServiceP,MARSHA,207
user.delete,3011@domain.ev.com,ServiceP,MARSHA,208
user.delete,3040@domain.ev.com,ServiceP,MARSHA,209
user.delete,3064@domain.ev.com,ServiceP,MARSHA,210
user.delete,3054@domain.ev.com,ServiceP,MARSHA,211
user.delete,2085@domain.ev.com,ServiceP,MARSHA,212
user.delete,2086@domain.ev.com,ServiceP,MARSHA,213
user.delete,2256@domain.ev.com,ServiceP,MARSHA,214
